UserID,Username,AgeGroup,Country,Verified
1,julie45,Senior,India,False
2,elizabethmathis,Senior,Germany,False
3,russoerika,Senior,India,False
4,owilson,Adult,India,False
5,fredericknavarro,Adult,Canada,False
6,lindawoods,Senior,Brazil,True
7,umendez,Adult,US,False
8,robert96,Adult,Brazil,False
9,travisdavis,Adult,Canada,True
10,troy98,Teen,India,True
11,ana86,Teen,Brazil,True
12,samantha10,Adult,Germany,True
13,perezcristina,Senior,US,True
14,christiandavis,Adult,India,False
15,rquinn,Teen,US,True
16,stoutpriscilla,Senior,Germany,False
17,jasminberg,Adult,Canada,False
18,patricia31,Adult,Canada,False
19,gpacheco,Teen,UK,False
20,browninglacey,Teen,Brazil,False
21,christineclark,Adult,Germany,False
22,wolfedana,Teen,Brazil,True
23,floresdennis,Senior,UK,False
24,gonzalezjanice,Adult,Canada,False
25,smithbrian,Teen,Canada,False
26,brownandrew,Teen,Canada,False
27,icallahan,Adult,India,False
28,charles22,Adult,Germany,False
29,nielsenlisa,Senior,Brazil,True
30,clarkadam,Teen,US,True
31,riverarandy,Teen,India,True
32,glee,Senior,Germany,True
33,elizabethgarcia,Teen,Canada,False
34,denise90,Adult,US,False
35,robinsoncindy,Teen,Brazil,False
36,hpope,Teen,Brazil,False
37,tsutton,Senior,Canada,True
38,ryan54,Senior,US,True
39,daniel99,Teen,UK,True
40,marthaburke,Senior,Brazil,False
41,robertcarroll,Adult,UK,False
42,greilly,Senior,UK,False
43,ftorres,Adult,US,False
44,esutton,Adult,UK,True
45,bankslauren,Adult,US,True
46,xmunoz,Senior,Germany,False
47,cshepherd,Teen,Germany,True
48,courtneywilliams,Adult,Canada,True
49,jonathanlowe,Adult,UK,True
50,kayla47,Adult,India,True
